Título,Fecha,Cuerpo,URL
Final feliz: la elefante marino que apareció en Ringuelet fue devuelta al mar,2024-12-18,"Finalmente la noticia que tuvo en vilo a la ciudad de La Plata en el inicio de la semana tuvo el desenlace que todos esperaban. Es que autoridades de Temaiken lograron liberar, con la ayuda de un grupo de Guardaparques, al Elefante Marino rescatado del Arroyo El Gato en el mar.
El impresionante operativo llevó horas de trabajo y desde el día lunes, cuando vislumbraron al mamífero en la zona de 1 y 514 contó con la intervención de la policía ecológica, autoridades de Temaiken y distintos grupos de Guardaparques para que en la mañana de este miércoles el animal pudiera volver a su hábitat natural, luego de ser transportado y liberado en las costas cercanas a San Clemente.
Según confirmaron autoridades de Temaiken, en diálogo con El Editor Platense, ""se trataba de una hembra juvenil de más o menos dos metros largo, un peso aproximado de 200 kilos y se encontraba en un periodo de muda de pelaje"". Esto lo llevó a alejarse del mar y enncontrarse en las aguas del Arroyo El Gato.
Según los especialistas la desorientación de la elefante es producto de su temprana edad y del proceso que atraviesan al independizarse de su madre, llamado migración trófica. Durante este periodo vagan por el océano en busca de alimento, hasta llegar a la edad reproductiva, que es cuando se acercan a las zonas de reproducción y se asientan por algún periodo.
Afortunadamente la rápida intervención de las autoridades llevó a que todo tuviera un buen desenlace. Desde el cuidado atento de los vecinos, el operativo realizado entre policía ecológica y Temaiken llevó a que el mamífero fuera trasladado a Punta Raza, un área protegida cerca de San Clemente cercana a la bahía de San Borombon para que, de este modo, la elefanta recuperara su impermeabilidad para finalmente ser devuelta al mar.",https://eleditorplatense.com/la%20regi%C3%B3n/151/2024/12/18/final-feliz-el-elefante-marino-que-aparecio-en-ringuelet-fue-devuelto-al-mar
Diputados a los tiros en La Plata: a 87 años del asesinato de Chiappara a manos de Bessone en la Legislatura,2024-12-16,"El matrimonio conformado por Antonio y Benita Chiappara Rollero, naturales del poblado de Sestri Levante, en la provincia de Génova, Liguria, Italia, emprendió un viaje en 1870 hacia nuestro país. Se radicaron en el barrio de La Boca y para 1885 se fueron para Arroyo Corto. Rosa Barutta, hermana de Martín Barutta, fue la hija de Martín Barutta e Isolina Valli y antes del 1905 se casa con Juan Fortunato Chiappara -uno de los tantos hijos del primer matrimonio mencionado- siendo Fortunato Martin Chiappara su hijo, de 10 en total.
Con el tiempo y en el distrito de Saavedra la disputa política había enfrentado desde hacía tiempo al conservador Fortunato M. Chiappara y al radical Mario Bessone, un médico santiagueño radicado en Goyena, localidad próxima a Arroyo Corto, siendo ambos diputados provinciales los protagonistas del único asesinato que recuerda la historia en la Cámara de Diputados de la Provincia, en ciudad de La Plata.
Fortunato Chiappara hijo se destacó siempre por su labor pública, reconocido como un político muy hábil que aportó obras de importancia para el desarrollo del distrito y por comandar los destinos del distrito por medio de la fuerza, la violencia y el miedo, situación que con otros protagonistas se repetía en otros distritos de la provincia. Debe recordarse que la localidad de Arroyo Corto en algún momento recibió el apodo de “Avellaneda Chica” por los enfrentamientos entre radicales y conservadores que bañaron de sangre varias páginas en su historia.
El 15 de diciembre de 1937, la tragedia no duró más que unos segundos. Un encontronazo en un pasillo entre ambos protagonistas, un cruce de palabras, amenazas y seis disparos. Esa misma noche, la Cámara aprobó en forma unánime el desafuero del diputado asesino. Luego de la autopsia, el cuerpo de la víctima se envió a Arroyo Corto, donde fue inhumado en el mausoleo familiar. Casi un año después, previo al juicio, se pediría cambiar el nombre del pueblo por el de Fortunato Chiappara, aunque la iniciativa no prosperó.
Existía en la prensa una suerte de benevolencia hacia el asesino, a quien se lo presentaba como la víctima de una persecución política y el asesinato como “la gota que colmó el vaso”. Durante el proceso judicial, Chiappara pasó de víctima a victimario. Los testigos que llegaron desde el distrito de Saavedra reafirmaron la hipótesis de que Bessone había sido blanco de una persecución política que hasta lo había obligado a irse de Goyena para radicarse en Buenos Aires.
Finalmente, la Justicia se expidió: homicidio en estado de emoción violenta y la condena fue de tres años de cárcel (más costas) para Mario Bessone. No se supo casi nada más de su vida, pero con los años y ya siendo una persona mayor, se lo ubico en Capital Federal, donde había continuado trabajando como médico.
¿Cómo fue ese 15 de diciembre de 1937?
A las 15 horas del 15 de diciembre de 1937 el diputado radical Mario Bessone al momento de cruzar el hall de entrada frente a la Mayordomía de la Cámara de Senadores, y sobre el corredor que conduce a la Cámara de Diputados, cruzó con el diputado conservador Fortunato Chiappara (h), generándose un incidente que culminaría con la muerte de Chiappara.
El caso es que Chiappara, depende de los testigos y testimonios recogidos, rozó accidentalmente o directamente habría propinado un empujón a Bessone al cruzarse ambos, desatándose un fuerte discusión.
Ambos provenían de la sexta sección, del partido de Saavedra, y habían mantenido fuertes enfrentamientos en la localidad de Goyena, de ese distrito, que habrían obligado a Bessone a tener finalmente que abandonar el pueblo.
Siempre según las declaraciones de los testigos, Chiappara habría simulado extraer un revólver que en realidad no tenía. Creyendo Bessone que sería atacado con un arma de fuego, aquel extrajo el arma que portaba descargando seis tiros sobre Chiappara quien cayó gravemente herido, siendo asistido por su agresor, que era médico, el cual fue inmediatamente demorado, además, para protegerlo de la ira de los compañeros del bloque demócrata nacional de Chiappara.
Fuente: Revista Ciencia y Tecnología de los Materiales",https://eleditorplatense.com/pol%C3%ADtica/11/2024/12/16/diputados-a-los-tiros-en-la-plata-a-87-anos-del-asesinato-de-chiappara-a-manos-de-bessone-en-la-legislatura
"La inflación de noviembre fue del 2,4%",2024-12-11,"El Instituto Nacional de Estadísticas y Censos (INDEC) informó esta tarde que la inflación correspondiente al mes de noviembre fue del 2,7%, replicando así el número que fue anotado en el décimo mes del año y dando como resultado una inflación interanual acumulada del 166%.
Según informaron, en el undécimo mes del año 2024 el área con mayores aumentos fue la de Educación con 5,1%, seguido de Vivienda, agua y electricidad con 4,5%. En tanto, cierra el podio la de Bebidas alcohólicas con 4%.  Por otro lado, la de menores subas fue la de Alimentos y bebidas no alcohólicas con 0,9%.
Ha que recordar que el mes pasado la división con mayor alza fue la de Vivienda, agua, electricidad, gas y otros combustibles con un 5,4%, seguido de prendas de vestir y calzado con 4,4% y en tercer lugar se ubicó restaurantes y hoteles con 4,3%.
Cabe señalar que la cuestión inflacionaria fue uno de los ejes del discurso que el presidente Milei brindó ayer al cumplirse su primer aniversario como Jefe de Estado. En relación a esto, el mandatario señaló: “Estamos cada día más cerca de que la inflación sea poco más que un mal recuerdo”.
INDEC Argentina
@INDECArgentina
·
Follow
#DatoINDEC
Los precios al consumidor (#IPC) aumentaron 2,4% en noviembre de 2024 respecto de octubre y 166% interanual indec.gob.ar/uploads/inform…
4:00 PM · Dec 11, 2024
6.6K
Reply
Copy link
Read 381 replies",https://eleditorplatense.com/econom%C3%ADa/2/2024/12/11/la-inflacion-de-noviembre-fue-del-2-4
¿Calma o tormenta cambiaria? A cuánto llegará el dólar en 2025,2024-12-11,"El dólar no para de caer. Con una brecha que ya se ubica en torno al 2%, la cotización del billete en el mercado paralelo se ubica en los $1.055 para la venta, su valor más bajo en siete meses. En este contexto, el Banco Central de la República Argentina (BCRA) publicó en los últimos días el Relevamiento de Expectativas de Mercado (REM) realizado durante noviembre, que brinda los pronósticos de los gurúes de la city para el dólar, la inflación y otras variables clave de la economía.
Las consultoras y entidades financieras que participaron del mismo volvieron a reducir sus expectativas de devaluación (salvo para fines de diciembre) y le pusieron precio al dólar, tanto para fin de año, como los primeros meses de 2025, y de cara a un año. Los datos se conocen en medio de una extensa calma cambiaria, y en el día en que el dólar blue cerró casi en los mismos niveles que el tipo de cambio oficial minorista.
Así, la mediana de las proyecciones de tipo de cambio nominal del REM se ubicó en $1.021 por dólar para el promedio de diciembre de 2024 lo que implicaría una suba mensual promedio de 2,0% de la paridad cambiaria.
Asimismo, los analistas proyectaron que en enero el dólar oficial se ubicará en $1.042, es decir, que se mantendrá el mismo ritmo de la tablita cambiaria. A partir de febrero, el avance mensual previsto se morigera levemente y marca un ritmo que perfora lentamente el 2%.El presidente Javier Milei dijo, semanas atrás, que si la inflación mantiene su tendencia, en un par de meses bajará el ritmo de crawling peg del 2% mensual al 1%. Pese a que el REM no arrojó una proyección de reducción tan abrupta, sí se alinea con la idea de una desaceleración.
Qué pasará con el cepo
El reconocido economista Ricardo Arriazu habló públicamente esta última semana y proyectó un crecimiento de la economía de 5,2% para el año próximo, con una inflación anual en torno al 20%. El economista felicitó al Gobierno por haber estabilizado la macro, pero indicó que ahora comienza la época de crecer y que para eso hacen falta varias reformas.
Al referirse al cepo, dijo sin metáforas que lo odia, pero realizó una advertencia. “Odio el cepo, pero odio mucho más el colapso social que se produciría si se lo saca a destiempo. Con US$40.000 millones por importaciones no pagas que había en diciembre pasado y US$11.000 millones de reservas netas negativas, si ustedes hubieran sacado el cepo y puesto la flotación, habríamos tenido hiperinflación automática. Soy partidario de ir sacando el cepo de a poco. La Argentina no se puede dar el lujo de equivocarse, no puede estar un paso adelante, un paso atrás, solamente hay que hacerlo cuando tengamos confianza y seguridad”, dijo.
Luego señaló que “es falso que no se pueda crecer”, aunque admitió que sin cepo se podría crecer más. “Para las inversiones está el RIGI [Régimen de Incentivo para Grandes Inversiones]. Pero si ustedes tienen que el sector industrial tiene 62% de ocupación de la capacidad instalada, ¿quién va a invertir hasta que no se recupere la demanda? Los que van a invertir son los que están invirtiendo, que es energía, minería, pero nos hemos encontrado con la sorpresa de algunas inversiones industriales. Esto está comenzando. Está claro que podríamos crecer mucho más sin cepo, pero eso de que no se puede crecer sin cepo es mentira”, aclaró.
Por último, se refirió a la confianza que hay en el país de los propios inversores argentinos. “Hoy en día todo el mundo habla de carry trade. Ustedes pueden comprar una letra a un año al 4% y si creen que la devaluación va a ser la que yo creo y la que dice el Gobierno, de 1,5% mensual, están ganando 2,5% mensual en dólares. Ahora es interesante. Los que están aprovechando esto hasta ahora son los argentinos. Los extranjeros todavía están con muchas dudas sobre la Argentina. ¿Se imaginan el potencial si la Argentina hace las cosas bien?”, cerró.
¿En qué conviene invertir en 2025?
Por otra parte, el reconocido gurú Salvador Di Stefano se refirió al plazo fijo como método de inversión y explicó que solamente conviene si se posee más de $1.000.000. Esto se debe a que, superada esta suma de dinero, el banco ofrece un 45% de tasa de interés anual. De lo contrario, ""conviene la caución"".
""Es momento de realizar inversiones diversificadas, tanto en bonos como en acciones. Dentro del stock de bonos, apostando a distintos plazos y tasas. En acciones, buscando sectores dinámicos de la economía y realizando estrategias de acumulación, pensando que el mercado tendrá una dinámica alcista, con objetivos a un año de plazo"", detalló.
""Estamos ante un cambio societario de la empresa, en 2025 volvería la obra pública, y si Argentina crece en el año 2026 la demanda de cemento será elevada. Compre hoy lo que será negocio mañana”, concluyó.
Dólar 2024 y 2025 - Proyecciones",https://eleditorplatense.com/econom%C3%ADa/1/2024/12/11/calma-o-tormenta-cambiaria-a-cuanto-llegara-el-dolar-en-2025
"¿Te sobran 450 mil dólares?: Block, otra vez a la venta",2024-12-18,"Durante décadas, los mejores artistas de la movida tropical y cumbiera entraron por sus puertas y se llevaron cientos de aplausos, gritos y besos. Hace menos de una década que empezó a mermar su furor, ante cambios de nombres por eventos desafortunados que casi cuestan vidas. Block, boliche - bailanta histórica de La Plata, en el límite con Ensenada, está nuevamente a la venta tras que sea alquilada durante los últimos meses por una iglesia brasilera.
Ya lleva casi cuatro años con cartel en venta, aunque quizás no lo veamos. De ser lugar emblemático entre los 90' y los 2000' a convertirse en sitio de casi tragedia en 2011 cuando cedió un barandal y cayeron varios egresados. Según comunicaron, el valor del inmueble está en 450 mil dólares.
El establecimiento cuenta con dimensiones de 30 por 36 metros cuadrados, siendo una superficie de 1400m2 y un total de dos plantas. Aquel sitio se destacaba por su ingreso sobre la 122 y el guardarropas ni bien en la entrada, con dos pistas, cuatro barras, oficina con baño pirvado, cámaras de seguridad internas y externas, extractores y depósito
Quedará ver si tiene otro giro radical y pasa de lugar de música a sitio de paz, o se transforma nuevamente en un sitio de la noche platense.",https://eleditorplatense.com/la%20regi%C3%B3n/11/2024/12/18/te-sobran-450-mil-dolares-block-otra-vez-a-la-venta
"Uno por uno, todos los aumentos que vendrán en diciembre",2024-11-29,"Diciembre llega cargado de ajustes que impactarán en el bolsillo de los platenses. Desde tarifas de servicios públicos hasta aumentos en combustibles, transporte y prepagas, el último mes del año será un desafío para muchos hogares de la Región.
La inflación viene desacelerando, sin embargo hay algunos bienes y servicios puntuales que marcarán la diferencia a partir del próximo domingo 1 de diciembre.
Combustibles
El 1° de diciembre habrá un nuevo aumento de la nafta y el gasoil. La suba promedio en los combustibles que analizan por estas horas las petroleras ronda el 3%, aunque hay posibilidades de que la actualización quede por debajo de ese porcentaje, en línea con lo que sucedió durante noviembre. 
El ajuste tendrá como piso el 2% de devaluación mensual del tipo de cambio oficial, más el leve incremento que marcó el precio del barril de petróleo en el mercado internacional y un 1% de incremento en el impuesto a los combustibles líquidos (ICL).
Alquileres
El Índice de Contratos de Locación (ICL), utilizado para ajustar los contratos de alquileres establecidos bajo la ya derogada Ley de Alquileres, registrará en diciembre una disminución en su porcentaje. Según datos del Banco Central de la República Argentina, el ajuste interanual será del 208,67%, lo que implica una caída respecto al 227,14% registrado en noviembre.
De todas formas, los usuarios alcanzados por el ajuste, pasarán a pagar más del triple de lo que venían abonando. Así, un inquilino que paga hoy $200.000 por un alquiler, pasará a pagar $617.340.
Agua
Las boletas de agua potable y cloacas del Área Metropolitana de Buenos Aires (AMBA) aumentarán desde diciembre un 3%, según lo informado por Agua y Saneamientos Argentinos ( AySA).
Colegios privados
Los colegios privados con subvención estatal de la ciudad y la provincia de Buenos Aires tendrán nuevos aumentos en las cuotas de diciembre y marzo de 2025, que se ubicarán por encima de la inflación de los últimos meses.
La Dirección General de Escuelas bonaerenses había dispuesto a fines de octubre que el incremento autorizado para las cuotas de diciembre sería del 3,8%, mientras que el arancel para el primer mes del ciclo lectivo 2025 aumentará 6% según informó este martes la Asociación de Institutos de Enseñanza privada Buenos Aires (AIEPBA).
De este modo, tal como informó El Editor Platense, en diciembre las escuelas de educación inicial y primarias que tienen un 40% de aporte estatal podrán cobrar hasta $106.040. En tanto, las que tienen el 100% del subsidio, pueden cobrar hasta $23.480. En la secundaria, el tope es de $137.780 y de $25.880, respectivamente.
Por otro lado, las secundarias técnicas, agrarias y especializadas en arte tendrán un tope de $157.680 si tiene una cobertura del 40%, mientras que las que están totalmente subsidiadas podrán cobrar hasta $29.830. Finalmente, en el Nivel Superior los aranceles van desde $33.810 hasta $134.580.",https://eleditorplatense.com/econom%C3%ADa/1/2024/11/29/uno-por-uno-todos-los-aumentos-que-vendran-en-diciembre
Informe de la UCA: el 35% de los trabajadores son pobres,2024-12-05,"El último informe del Observatorio de la Deuda Social Argentina de la Universidad Católica Argentina (ODSA-UCA) precisó que la pobreza alcanzó al 49,9% de la población, alrededor de 23 millones de argentinos, lo que representa una baja respecto del comienzo del año. No obstante, aclaró que aún se encuentra por encima en la comparación interanual y precisó que el 35,3% de los trabajadores es pobre.
De acuerdo al documento, a principios de año, con el efecto inicial del ajuste en los primeros meses de Gobierno de Javier Milei, la pobreza había llegado a casi 55% de la población.
Sin embargo, en el segundo trimestre el número empezó a revertirse y en el tercer trimestre retrocedió a 49,9% de pobreza. En tanto, la indigencia pasó de 11,9% en 2023 a 12,9% en el tercer trimestre de este año.
En este contexto, se relevó que 29,4% de los hogares debió recortar el gasto en medicamentos; 29,9% no pagó tasas o impuestos; y 27,1% no pudo pagar algún servicio.
Agustín Salvia, director del Observatorio de la Deuda Social Argentina de la UCA, dijo que “lo que estamos sufriendo hoy no es sólo el efecto de una política de ajuste sino el agotamiento de un ciclo económico que tiene más de 20 años” y consideró que “la política del actual Gobierno era de alguna manera necesaria”.
Al presentar el informe, sostuvo que las políticas de ajuste “se hicieron a un ritmo muy acelerado y con alto costo inmediato”, aunque “tuvieron un impacto regresivo de menor profundidad de lo que podía esperarse”. Afirmó que “los datos tiene efecto estadístico de la caída de la inflación y que no haya caído el empleo, aunque sí creció la informalidad”.
Por otro lado, precisaron que el 65,5% de los niños en Argentina viven en situación de pobreza y 19,2% en situación de indigencia.",https://eleditorplatense.com/econom%C3%ADa/1/2024/12/05/informe-de-la-uca-el-35-de-los-trabajadores-son-pobres
A partir de los 18 años se podrá tener un arma en el país,2024-12-17,"A través de un decreto, el Gobierno nacional estableció que los ciudadanos argentinos mayores de 18 años podrán ser considerados legítimos usuarios de armas. Esta decisión, que actualiza una norma de 1975, fue hecha en consonancia con la reforma del Código Civil de 2009, en la que se estableció la mayoría de edad en los 18 años. 
La modificación responde a un cambio de enfoque sobre la edad adulta y los derechos inherentes a la misma, porque, según argumentó la ministra de Seguridad, Patricia Bullrich, “a los 16 años los argentinos ya tienen el derecho de votar; a los 18, pueden ir a la guerra, formar una familia o incluso ser miembros de una fuerza de seguridad. Además, pueden optar por un cambio de sexo, que los marcará de por vida”. Frente a esto, planteó la pregunta de “¿por qué no permitirles también ser legítimos usuarios o portadores de armas?”.
""Durante años, nadie se animó a tomar esta decisión. Nosotros no dudamos"", afirmó la Ministra, haciendo énfasis en la necesidad de actualizar las leyes acorde a la realidad actual. En esa línea, indicó que esto se da en el mismo momento que “desmantelamos las bandas narcoterroristas y enfrentamos al crimen organizado”, por lo que “los ciudadanos de bien deben poder acceder a las armas para protegerse"".
Desde el Ejecutivo destacaron que esta medida responde al compromiso de “hacer realidad el derecho de los argentinos a vivir en libertad y garantizar su seguridad"". Con esta normativa, el Gobierno busca equilibrar la necesidad de protección personal con la lucha contra el crimen organizado, ofreciendo a los ciudadanos mayores de 18 años la posibilidad de acceder a las armas, dentro del marco de la legalidad y conservando el respeto por la seguridad pública.
Cabe recordar que anteriormente la obtención de la Credencial de Legítimo Usuario (CLU) se podía tramitar a partir de los 21 años. Se trata del primer paso para luego solicitar la tenencia de un arma que permite tenerla en el domicilio, transportarla descargada y usarla para fines como caza o tiro deportivo en lugares autorizados. También mantiene la obligación de contar con una ficha limpia, por lo que los ciudadanos no podrán comprar un arma si tienen antecedentes penales.
Esta medida no afecta a la portación de las mismas, la cual permite llevarla cargada y lista para usar en un lugar público, uso exclusivo para los miembros de las Fuerzas Armadas y de Seguridad, ya que el decreto no aclaró nada distinto al respecto. El artículo en cuestión establece además una serie de requisitos que se deben cumplir para la portación de armas, como el no tener “anormalidades psíquicas o físicas que incapaciten al peticionante”, la acreditación de datos personales bajo dependencia policial, y “la no existencia de antecedentes policiales o penales”.
Es importante mencionar que no se podrá acceder a un arma de un día para el otro, pero sí se simplificarán los trámites. Van a tener que obtener primero el CLU, después, van a poder ir a comprar un arma y ahí le van a dar la tenencia. Además, para circular tendrán que hacerlo con el certificado que indica qué arma se adquirió. Desde la cartera de Seguridad hicieron énfasis en la necesidad de actualizar el régimen de trámites para poder “tener un registro de armas transparente, completo y con procesos modernos”, debido a que se estima que en la actualidad hay más de 800.000 armas de fuego bajo tenencia irregular. 
Otro punto que se establece es la extensión por cuatro años del Programa Nacional de Entrega Voluntaria de Armas de Fuego, con el objetivo de que las personas puedan entregar las suyas de forma voluntaria y anónima para que sean destruidas. Con esto, se protege a los usuarios de tener futuros problemas legales por no tener las autorizaciones pertinentes. 
Estas medidas generaron opiniones cruzadas entre la ciudadanía, desde posiciones a favor ante la crecida de la inseguridad y la necesidad de defenderse, hasta comunicados que expresan que este decreto es un peligro para la población. Desde la Facultad de Ciencias Sociales de la UNICEN, se pararon de ese lado, advirtiendo que según estadísticas del Ministerio de Salud de la Nación, anualmente se registran en nuestro país cerca de 3000 muertes y más de 10.000 heridos por las armas de fuego, y sobre ello, mencionaron que “la mayoría de los que matan y mueren son varones jóvenes de entre 15 y 30 años y el 75% se producen en situaciones de conflictos interpersonales, accidentes y suicidios”.  
Por lo tanto, alertaron: “Estas cifras podrían incrementarse a partir del decreto aprobado por el Gobierno nacional que desconoce el impacto letal que contiene”. Además, sostuvieron que el argumento de que la mayoría de edad es suficiente para habilitar el acceso a las armas de fuego es “falaz y carece de fundamento serio”.
Martín Angerosa, miembro cofundador de la Red Argentina para el Desarme e integrante del Instituto Latinoamericano de Seguridad y Democracia (Ilsed), por otro lado, también mostró su preocupación con esta disposición, al expresar que puede incrementar “el riesgo de suicidios en un sector etario particularmente vulnerable, ya que el 30% de los que ocurren en jóvenes de 18 a 24 años son con armas de fuego”.
“Son muertes evitables, y esta medida sólo amplía las posibilidades de tragedias que podrían prevenirse”, destacó y consideró que se está abriendo “el mercado legal a 1.500.000 potenciales compradores jóvenes, pero el verdadero beneficiado es el negocio por detrás: fabricantes y comerciantes de armas. En este mercado hay ganadores y perdedores, y los perdedores son los jóvenes”.
Por último, Angerosa habló de la necesidad de que el Estado sea responsable en este tema porque “la sociedad argentina no quiere vivir en un país armado. No queremos ser responsables de nuestra propia seguridad; para eso están los profesionales que pagamos con impuestos”.",https://eleditorplatense.com/pol%C3%ADtica/1/2024/12/17/a-partir-de-los-18-anos-se-podra-tener-un-arma-en-el-pais
Más nublado imposible: días de calor y con poco Sol en La Plata,2024-12-18,"Quedan pocos días para el inicio del verano, el calor cada vez se hace más presente en La Plata y la región y es costumbre que las temperaturas estén promediando los 25 a 30 grados cada día. Sin embargo, este miércoles y durante algunos días más el Sol no será tan protagonista como las nubes.
El Servicio Meteorológico Nacional indicó que para hoy la mínima es de 17 grados y máxima de 30, con condiciones de cielo nublado salvo algunas horas en la mañana.
Jueves de entre 20 a 30°, similar al miércoles; viernes de 22 a 30. Recién el domingo estará en parte más despejado, llegando a los 28°.",https://eleditorplatense.com/la%20regi%C3%B3n/11/2024/12/18/mas-nublado-imposible-dias-de-calor-y-con-poco-sol-en-la-plata
Las ventas en supermercado siguen en caída,2024-11-26,"El INDEC difundió datos sobre las ventas en supermercados, las cuales expresaron que sufrieron una caída de 12,8% interanual, además de haber bajado un 11,6% desde enero de este año.
En ese sentido, se ve reflejada la caída del poder adquisitivo en el país, teniendo a los supermercados y autoservicios en constante baja. Este último, en ventas totales muestra una disminución de 21,7% respecto de igual mes de 2023, y el acumulado enero-septiembre bajó 14,4%.
En esta caída se puede ver que las ventas totales en el último mes analizado sumaron 1.585.347,2 millones de pesos, lo que representa un incremento de 173,3% respecto al mismo mes del año anterior. De los cuales “Artículos de limpieza y perfumería”, sufrió un aumento de 216,5%; Verdulería y frutería subió 202,2%; Lácteos un 199,4%; y “Panadería” un 191,4%. Y otro punto a tener en cuenta es que las compras efectuadas con tarjeta de débito sumaron 425.958.250 miles de pesos, lo que representa el 26,9% de las ventas totales, mientras que las de crédito sumaron un total de 718.252.690 miles de pesos, lo que representa el 45,3%
En cuanto a los electrodomésticos, la ventas a precios corrientes del tercer trimestre de 2024 totalizaron 1.119.144 millones de pesos y muestra una variación positiva de 190,9% respecto al mismo trimestre del año anterior.
Sin embargo, hubo fuertes caídas del 30,3% en telefonía celular, 27,8% en pequeños electrodomésticos, del 13,7% en MP3 y iPod, 13,1% en televisores y 10,9% en cocinas y microondas.",https://eleditorplatense.com/econom%C3%ADa/150/2024/11/26/las-ventas-en-supermercado-siguen-en-caida
Avanzaron con el cierre de cruces en San Carlos,2024-12-18,"En las últimas horas, vecinos de San Carlos se vieron sorprendidos por la gran cantidad de cruces cerrados que avanzó la Comuna en el barrio para mejorar la onda verde desde la avenida 44 y 31 hasta la Ruta 2.
Todo comenzó hace algunos días, donde los vecinos de Etcheverry también se vieron molestos por la gran cantidad de cierre de cruces que hubo en la zona oeste platense. En tanto, la Municipalidad avanzó esta semana en la localidad de San Carlos, cerrando los cruces en la avenida 44 y 133; 44 y 135; 44 y 145; y 44 147 . Todos estos cambios serían para mejorar el tránsito para ingresar y salir de la ciudad de La Plata, informaron de forma oficial.
En declaraciones que hizo un vecino a este medio, contó: ""La verdad que complica mucho para los que somos de barrio porque no vamos a poder cruzar y tendríamos que irnos hasta otra avenida para hacer los mandados"". 
Cabe recordar que la implementación de la onda verde contempla cerrar el girar los cruces en todas las zonas donde no haya intersección entre dos avenidas. Es decir, solo se podría girar a la izquierda o cruzar la avenida 44 desde alguna avenida como la 131, 143, 155, entre otras. También se mantendrán los semáforos para permitir el cruce en otras zonas de alto tránsito.
LOS VECINOS DE ETCHEVERRY SE VIERON MOLESTOS POR LA DECISIÓN
Tras los reclamos del viernes, los vecinos de la localidad de Ángel Etcheverry se reunirán esta tarde con autoridades de la Municipalidad de La Plata para definir el futuro de dos cruces en la avenida 44 que la Comuna pretende cerrar en el marco de implementación de la onda verde.
“Si cierran los giros solo se podrá doblar en los semáforos, pero cada 15 cuadras hay uno. En esta zona transitan muchos camiones que tienen que ingresar a las calles y no hay lugares para dar vuelta con esta medida. Tampoco hay calles de asfalto para ingresar hacia adentro”, precisaron los vecinos en diálogo con El Editor Platense el pasado viernes tras advertir que la Comuna inició las obras para cerrar los cruces de la avenida 44 a la altura de calle 220 y calle 232.
En la zona de Etcheverry más cercana al cruce con Ruta 2 precisaron que si solo queda libre el giro en calle 229, en caso de que se produzca una interrupción del mismo por accidente u otro episodio, no se podrá acceder a múltiples puntos de la localidad debido a que no habría otras vías de acceso.
Según precisaron los frentistas, desde la delegación comunal anticiparon que ambos cruces se mantendrán abierto. En tanto, desde la Comuna consideraron que “se está analizando” esa posibilidad.
Por otro lado, los vecinos de Lisandro Olmos se manifestaron en contra de la posible erradicación del semáforo de calle 200, una arteria transitada a diario por los vecinos ya que es el principal acceso a una de las escuelas de la zona. “Sería una complicación también para los chicos que van en micro y tienen que cruzar una avenida sin semáforo”, advirtieron.",https://eleditorplatense.com/la%20regi%C3%B3n/17/2024/12/18/avanzaron-con-el-cierre-de-cruces-en-san-carlos
Esperan una inflación del 50% para los próximos 12 meses,2024-11-28,"Según un informe realizado por la Universidad Di Tella, la inflación esperada por la población para los próximos 12 meses es de 50,2%.
 “Los hogares de menores ingresos son los que tienen menor expectativa de inflación para los próximos 12 meses (49,3%). Por su parte, los hogares de ingresos altos también registran una caída en sus expectativas pasando de 55,6% en octubre a 50,6% este mes”, señaló Sebastián Auguste, Director del Centro de Investigación de Finanzas de la casa de estudios.
El directivo indicó que “para la inflación mensual, en noviembre los hogares esperan un valor de 5,21% según la media (4% según la mediana), cuando en octubre fue de 5,43% (5% según la mediana).""
Según este estudio, “la inflación esperada promedio de 50,2% es el nivel más bajo desde octubre de 2021, mientras que la mediana se mantiene en 40%”.  En comparación, en octubre, el promedio había sido del 54,5%.
Por regiones, el Interior reporta las expectativas de inflación anual más bajas con 46,8%, seguido por CABA con 53,8% y GBA con 55,4%. Los valores de las tres regiones son menores en comparación con octubre (51,8%, 61% y 57,7% respectivamente).",https://eleditorplatense.com/econom%C3%ADa/1/2024/11/28/esperan-una-inflacion-del-50-para-los-proximos-12-meses
Empresarios de micros protestan en La Plata y amenazan con aumentar el boleto,2024-12-18,"Las Cámaras de Transporte Público de la provincia de Buenos Aires volvieron a concentrarse hoy en las inmediaciones de la Casa de Gobierno bonaerense para reclamar por la demora en el pago de subsidios que garantizan el funcionamiento del sistema y piden una nueva estructura de costos. Amenazan con aumentar el boleto. 
Una semana después de la movilización de colectivos en la puerta de Gobernación, los representantes de las cámaras empresariales retomaron la protesta y fueron recibidos por el ministro de Transporte bonaerense, Jorge D’Onofrio. 
Los privados reclaman que los subsidios que perciben del estado nacional “no alcanzan” y los pagos “no se cumplen en tiempo y forma”. Según lo denunciado, la deuda acumulada asciende a 28 mil millones de pesos e incluye parte de los montos adeudados desde mayo hasta diciembre. 
Ante la falta de respuestas de la Casa Rosada, el sector empresarial se movilizó a calle 6 para pedir que se agilice el auxilio estatal o se habilite la reestructuración del cuadro de costos. 
De acuerdo al “Índice Bondi” de la Asociación Argentina de Empresas de Transporte Automotor (AAETA), el costo por pasajero se ubicaba en octubre en $1.319,7, un 30% más que lo cubierto por el Estado. En consecuencia, las compañías reclaman que incrementen el valor del boleto para compensar la balanza sino no podrán garantizar el normal funcionamiento del servicio.",https://eleditorplatense.com/la%20regi%C3%B3n/1/2024/12/18/empresarios-de-micros-protestan-en-la-plata-y-amenazan-con-aumentar-el-boleto
Paro de trenes: el Gobierno dictó la conciliación obligatoria,2024-12-17,"La Secretaría de Trabajo dictó la conciliación obligatoria por dos semanas y este miércoles finalmente no habrá paro de trenes. Así lo comunicó el Ministerio de Capital Humano, desde donde publicaron un texto anunciando la medida.
Como bien había informado El Editor Platense, el sindicato La Fraternidad había llamado a un paro de 24 horas para este 18 de diciembre, debido a desacuerdos en las negociaciones salariales. La medida de fuerza afectaba a todos los ramales nacionales desde la medianoche hasta las 00.
Cabe recordar que el conflicto había iniciado cuando se determinó un reajuste de los salarios de los trabajadores ferroviarios del 1% par noviembre y del 2,5% para diciembre. Además, desde el sindicato aseguraban que esto significaba una pérdida del poder adquisitivo y que no compensaba los valores de la inflación.",https://eleditorplatense.com/pol%C3%ADtica/1/2024/12/17/paro-de-trenes-el-gobierno-dicto-la-conciliacion-obligatoria
Aumenta el saldo negativo de la SUBE: ¿de cuánto será?,2024-12-18,"El Gobierno nacional anunció que a partir de hoy aumenta el saldo de emergencia en la tarjeta SUBE y el valor del plástico en los puntos de venta habilitados. Además, anunciaron la continuidad de la tarifa social. 
Desde este miércoles 18 de diciembre, el usuario podrá tener hasta -1.200 pesos en colectivos de la provincia de Buenos Aires, subtes de la Ciudad de Buenos Aires y transporte fluvial en el Delta de la Provincia de Buenos Aires. 
En tanto, el saldo negativo en los trenes del Área Metropolitana de Buenos Aires (AMBA), que incluye la línea Roca que une La Plata con la Estación Plaza Constitución, será de -650 pesos. 
Por otro lado, anunciaron que el valor de la tarjeta SUBE física será de $1.500 en los puntos de venta habilitados y que seguirá vigente la Tarifa Social Federal para que los grupos beneficiarios viajen con 55% de descuento. Este beneficio está dirigido a Jubilados y/o pensionados, Personal del Trabajo Doméstico, Veteranos de la Guerra de Malvinas y Monotributistas Sociales .
También quienes perciben la Asignación Universal por Hijo, Asignación por Embarazo. Programa de Jóvenes con Más y Mejor trabajo, Seguro por desempleo, Seguro de Capacitación y Empleo, Programa Promover Igualdad de Oportunidades, Programa PROGRESAR, Programa Volver al Trabajo, Programa Acompañamiento Social y Pensiones No Contributivas.
¿Cómo cargar tu SUBE?
La carga de la tarjeta puede realizarse de manera presencial en los puntos habilitados o electrónicamente, a través de la app SUBE, cajeros automáticos, homebanking o billeteras virtuales. En caso de elegir una carga electrónica, es necesario acreditar el saldo en la tarjeta utilizando la app SUBE, las Terminales Automáticas o la opción Carga a Bordo en las validadoras de los colectivos.",https://eleditorplatense.com/la%20regi%C3%B3n/21/2024/12/18/aumenta-el-saldo-negativo-de-la-sube-de-cuanto-sera
Provincia recibe a los gremios para discutir la última mejora salarial del año,2024-12-17,"El Gobierno de la provincia de Buenos Aires recibirá hoy a los gremios que nuclean a los estatales bonaerenses para discutir una mejora salarial del último mes del año. Si bien se desconoce si la administración bonaerense oficializará alguna propuesta, se espera que ambas partes avancen con la discusión sobre el sendero salarial del 2025. 
A partir de las 10:30 horas, las autoridades del Gobierno bonaerense recibirán a los gremios de los docentes nucleados en el Frente de Unidad Docente Bonaerense (FUDB), mientras que en horas del mediodía será el turno de los estatales bonaerenses. 
Desde calle 6 ya expresaron a los gremios que afrontan un “estado complejo” en las finanzas públicas a causa de una caída de recursos en términos reales, aunque garantizaron el pago del salario de diciembre y el medio aguinaldo en tiempo y forma. 
No obstante, desde los sindicatos anticiparon que la intención es cerrar el año con un nuevo aumento con el objetivo de “seguir recuperando el poder adquisitivo de los salarios, entendiendo el contexto nacional conflictivo”. 
Cabe recordar que el último acuerdo paritario consistió de un aumento de 8% a pagar en dos tramos (4% en octubre y 4% en noviembre), el cual alcanzó también al personal de la Policía y el Servicio Penitenciario Bonaerense (SPB).",https://eleditorplatense.com/pol%C3%ADtica/1/2024/12/17/provincia-recibe-a-los-gremios-para-discutir-la-ultima-mejora-salarial-del-ano
Las ventas minoristas volvieron a caer en noviembre,2024-12-08,"Las ventas minoristas pymes bajaron 1,7% interanual en noviembre, a precios constantes, y acumulan un descenso de 12,2% en los primeros once meses del año, según un relevamiento dado a conocer hoy por la Confederación Argentina de la Mediana Empresa (CAME). En tanto, en la comparación mensual desestacionalizada arrojaron un dato positivo ya que crecieron 3,9%, 
De acuerdo a las cifras publicadas y la evolución económica,  el 2024 tendría un cierre con niveles similares o superiores a los del año anterior. Según testimonios de los comerciantes de distintos rubros de la economía, algunos proveedores subieron precios y, en base a tal aumento debieron incorporar promociones que les permitieron mantener la estabilidad. 
Respecto a los movimientos particulares de cada rubro, el de Perfumería fue el que más se vio afectado cayendo en 15,4%. Luego, viene Farmacias (-10,4%) y Bazar, decoración, textiles de hogar (-9,4%). Por el contrario, Alimentos y bebidas subieron en un 4,4% al igual que Calzado y Marroquinería que ascendieron en 2,6%.
El caso alimentos
La suba interanual en ventas fue del 4,4% para el mes de noviembre con precios constantes, aunque acumulan una baja del 14,5% en el resto del año en comparación al mismo periodo del 2023. La comparación intermensual fue de 0,1% por encima de octubre.
Si bien preocupa en el rubro el incremento de precios en la carne los últimos siete días del mes, el sector dio señales de satisfacción por el comportamiento en noviembre. La incertidumbre se mantiene respecto de lo que sucederá con las ventas durante las fiestas de fin de año, sumado a la venta informal que inquieta debido a que los comercios reportaron un incremento inusitado en la actividad.",https://eleditorplatense.com/econom%C3%ADa/1/2024/12/08/las-ventas-minoristas-volvieron-a-caer-en-noviembre
"Previo a la Navidad, cortarán el pelo gratis a jubilados en La Plata",2024-12-18,"Todo sucederá el próximo lunes 23 de diciembre por la mañana, en la esquina de 9 y 58, una peluquería ""social"" quien abrirá sus puertas nuevamente para quienes más lo necesitan.
Ofrecerán cortes gratuitos para jubilados que muestren su carnet. Pero esto no es lo único: también entregan mercadería para los mayores que lo necesiten.
En declaraciones que hicieron en exclusiva a este medio, contaron: “Este lunes 23 de diciembre a partir de las nueve de la mañana vamos a festejar la navidad con todos los abuelos en la barbería social de la Fundación Argentina Barberos Solidarios. Pondremos más de 25 barberos y Manicuras para atender a los abuelos y abuelas y festejar la navidad"". 
“Habrá corte gratis a jubilados y vamos a dar verduras y hortalizas de la mano del banco de Alimentos de La Plata y cajas navideñas donados por la Municipalidad de La Plata a través de la subsecretaría de desarrollo Social a cargo de Fabiana De Tomas”.
Cabe resaltar que en el local ubicado a pocos metros de Plaza Rocha, ofrece descuentos para trabajadores de menores ingresos, desde docentes hasta empleados municipales, incluso policías. La filosofía de esta peluquería es sencilla: “si la situación está complicada, al menos que el corte de pelo no sea un lujo inalcanzable”.",https://eleditorplatense.com/la%20regi%C3%B3n/17/2024/12/18/previo-a-la-navidad-cortaran-el-pelo-gratis-a-jubilados-en-la-plata
Inauguraron el nuevo Centro de Operaciones Municipal de La Plata,2024-12-18,"Esta tarde, el intendente de La Plata, Julio Alak, y el gobernador de la provincia de Buenos Aires, Axel Kicillof, inauguraron hoy el nuevo Centro de Operaciones Municipal de la ciudad, que, bajo principios de orden, coordinación y eficiencia, centralizará funciones de distintas áreas que se encontraban distribuidas y atomizadas en seis sedes diferentes.
“Estamos recuperando el valor de un edificio fundacional, que unifica a partir de hoy las áreas de Seguridad, Control Urbano, Emergencias Territoriales, Patrullas Municipales y Central de Llamados”, anunció el jefe comunal durante el acto de presentación, del que participaron autoridades locales y bonaerenses, trabajadores y vecinos.
“Un centro operativo modelo, que será uno de los más modernos de la provincia y que nos permitirá mejorar la capacidad de respuesta del Municipio, a la vez que optimizará la calidad de las políticas desplegadas para prevenir la comisión de delitos y atender las emergencias”, continuó el jefe comunal, y enfatizó que “Una ciudad ordenada es la base del desarrollo”.
Por su parte, Kicillof expresó: “Como gobernador de la Provincia, estoy orgulloso de que se esté poniendo en el lugar que corresponde a la capital bonaerense, devolviéndole su brillo y esplendor”.
Asimismo, el Gobernador destacó la puesta en funcionamiento del Centro Administrativo Municipal y el Centro de Operaciones y Monitoreo y destacó: ""Hacía falta en la capital de la provincia de Buenos Aires, en la ciudad de La Plata, que hubiera un intendente que la conociera, que la amara y que viniera a transformarla como la está haciendo ahora Julio”. Y subrayó que “este centro de operaciones representará al cerebro de la ciudad”.
El COM estará equipado con tecnología de punta que hará posible el monitoreo y la coordinación del accionar de más de 900 cámaras, 100 patrulleros, 400 agentes de control urbano y otros recursos destinados a perfeccionar el accionar del Estado frente a la delincuencia, las emergencias e inconvenientes vinculados al ordenamiento urbano.
“La inauguración de este centro no es un hecho aislado, sino que representa un nuevo capítulo en el proceso de reconstrucción de la administración pública municipal con políticas públicas innovadoras que den respuestas efectivas a las problemáticas que nuestra ciudad atraviesa en este siglo XXI”, sostuvo Alak.
Cabe señalar que las áreas que ahora funcionarán en el COM no solo estaban físicamente distanciadas, sino también completamente descoordinadas, impidiendo la gestión de respuestas rápidas y adecuadas ante emergencias. Además, la sede de 20 y 50 se encontraba en muy malas condiciones, con oficinas en peligro de derrumbe, más de 2 mil motos abandonadas y otros objetos en desuso.
“En solo sesenta días logramos transformar un edificio ruinoso, en el corazón de la ciudad, en uno de los centros operativos municipales más grande de la provincia de Buenos Aires”, destacó el intendente platense, haciendo hincapié en la importante puesta en valor que se llevó adelante en el lugar, de donde se sacaron más de cien camiones de basura.
“El COM significa un cambio de paradigma en la manera en que se implementan las políticas de prevención y seguridad en la ciudad, que parte del concepto de integralidad. Constituye una herramienta de gestión inteligente para aportar mayor seguridad y tranquilidad a nuestros vecinos”, agregó el mandatario.
Finalmente, Alak subrayó: “La puesta en funcionamiento de este centro estratégico es un hito que nos reafirma el camino que hemos iniciado, con el apoyo de este gran gobernador, para rejerarquizar a la ciudad capital de La Plata”.
Vale recordar que, como parte de esta línea de gestión, semanas atrás también se inauguró el nuevo Centro Administrativo Municipal (CAM), que centralizó y simplificó 75 trámites que previamente se realizaban en ocho edificios y doce oficinas diferentes.
SEGURIDAD, ATENCIÓN TELEFÓNICA Y EMERGENCIAS CLIMÁTICAS
Trabajarán en el COM cerca de 140 operadores capacitados y especializados que monitorearán las más de 900 cámaras activas con las que cuenta la ciudad tras la incorporación de nuevos dispositivos que hizo posible la gestión del intendente Julio Alak.
Además, para promover el orden público se pondrá en funcionamiento un nuevo sistema más eficiente y centralizado que coordinará a los 400 agentes de Control Urbano encargados de realizar tareas de ordenamiento del tránsito, control vehicular y de cargas, seguridad vial, intervención en siniestros, habilitación al transporte de pasajeros e inspecciones industriales, comerciales y ambientales.
Asimismo, el playón será la sede de estacionamiento de las 100 nuevas patrullas con sistema de geolocalización recientemente incorporadas por la Comuna para realizar tareas de prevención con un despliegue más eficiente y coordinado. Esto representa una mejora significativa, considerando que en diciembre de 2023 la ciudad contaba apenas con 16 móviles en mal estado.
Por otra parte, la Central de Llamados nucleará a los tres call-centers que existen actualmente, incorporando un nuevo sistema informático que georreferenciará llamados y ofrecerá una respuesta eficiente a las solicitudes de los vecinos y las vecinas.
A su vez, el COM dispondrá de una nueva sala de estudio de imágenes que proveerá de información útil a la Administración de Justicia, el Ministerio Público Fiscal y las fuerzas de Seguridad para aportar a la labor judicial en la capital bonaerense, así como de un área de análisis criminal y de otra de prevención de delitos.
El nuevo polo integrará también al área de Emergencias Territoriales con el objetivo de prevenir y abordar distintos fenómenos hidrometeorológicos según lo que demanden los niveles de atención amarillo, naranja y rojo, realizando monitoreos para evaluar el riesgo en tiempo real en el marco del Plan de Reducción del Riesgo Hídrico elaborado por la UNLP.
CAPACITACIÓN DE PERSONAL Y EDUCACIÓN CIUDADANA
La inauguración del COM contempla capacitaciones en colaboración con el Gobierno bonaerense para contar con recursos humanos profesionalizados y actualizados a través de cursos en distintas materias, como, por ejemplo, ciberdelitos.
Al mismo tiempo, se trabajará en educación ciudadana, llevando talleres de educación vial a distintos ámbitos de la ciudad, como jardines y escuelas, y fomentando de esa manera el conocimiento y el respeto de las normas que ordenan la vida en comunidad.
UN TRABAJO POR ETAPAS
En esta primera etapa, todas las áreas de operaciones municipales quedarán centralizadas para alcanzar una mayor eficiencia operativa en la ciudad.
Próximamente, la Municipalidad duplicará el número de cámaras activas hasta superar las 2 mil, incorporando tecnología analítica, que, combinada con inteligencia artificial, permitirá resolver hechos con mayor eficacia.
Además, la gestión de Alak instalará un anillo digital para controlar el ingreso y el egreso de vehículos en 50 de los principales accesos y la circulación en las principales avenidas de la ciudad a través de 100 lectoras de patentes.",https://eleditorplatense.com/pol%C3%ADtica/17/2024/12/18/inauguraron-el-nuevo-centro-de-operaciones-municipal-de-la-plata
Sequía climática y económica en el cordón hortícola platense,2024-11-26,"La Administración Nacional Oceánica y Atmosférica (NOAA) de Estados Unidos emitió una alerta para el territorio argentino por la llegada del poderoso fenómeno atmosférico ‘La Niña’ durante el verano 2025, ocasionando un periodo estival con muy pocas precipitaciones que podrían desencadenar en una profunda sequía en el centro del país. Desde el cordón flori-fruto-hortícola de La Plata advierten por el cóctel explosivo que podría ocasionar si se suma a la crisis económica que afrontan los productores y que ya generó la ida de un frondoso número de familias agrícolas. 
De acuerdo a los reportes meteorológicos que llegan desde Norteamérica, la llegada de La Niña había sido prevista para 2024 y se estimaba un 60% de probabilidades de que arribará a suelo argentino a mitad de año. Sin embargo, se retrasó y hoy las chances son aún más elevadas de que su arribo se dé entre enero y marzo de 2025 y afecte -principalmente- al centro y norte del país.
En el cordón productivo de la región ya se hicieron eco del posible golpe climático sobre la cosecha 2025. “Lamentablemente nos va a tocar ver a cuantos nos deja sin producción”, afirmó tajante la referente de la Asociación de Medieros y Afines (ASOMA), Albina Vides. La falta de lluvias que anticipan en el cinturón verde afectaría directamente la napa y, consecuentemente, a los sistemas de abastecimiento de agua. Al no haber agua de lluvia, el nivel de la napa desciende paulatinamente por lo que se deben realizar perforaciones más profundas -y costosas- para extraer con la bomba. Un escenario imposible para los productores. 
Pero la situación es aún más compleja. Si bien el territorio argentino aún no está bajo los efectos de ‘La Niña’, los productores padecen la falta de agua por los reiterados cortes de luz que dispone la empresa suministradora. “Ya venimos sufriendo los cortes de luz. A veces cortan el servicio por 24 horas sin dar ninguna explicación y nosotros no podemos usar las bombas para sacar agua”, expresó Isabel Palomo, reconocida productora de tomate de la localidad de El Peligro. Y sumó: “Es perjudicial porque por ahí está la gente plantando y te dejan sin luz, no los regas y se muere el plantín”. 
Los productores utilizan bombas con conexión trifásica para poder abastecer quintas que ocupan -en promedio- entre una y tres hectáreas con plantaciones a cielo abierto e invernáculos, donde la temperatura suele duplicarse en su interior por lo que el riego es vital para evitar que se seque la planta. 
“No tenemos la posibilidad de poder trabajar como para poder tener un reservorio, por ejemplo, que nos permita en situaciones como esta contar con agua para riego. Sería un sistema ideal para intentar, al menos, salvar algo”, reclamó Vides. Desde el sector productivo mantienen diálogo con las autoridades, a quienes advirtieron la necesidad de implementar medidas para morigerar el impacto de la crisis ambiental. 
“La principal y peor de las peores sequía son las políticas del Gobierno nacional que está expulsando a muchos productores por los costos que hoy se requieren para poder seguir produciendo desde los insumos, la luz y el alquiler”, advirtió 
Sequía económica
Los tarifazos que se aplicaron a lo largo del año, el incremento de los insumos, las facilidades otorgadas desde Casa Rosada a las importaciones y el desplome del consumo interno forman una mezcla dañina para los productores locales, en la antesala a los sacudones climáticos que se prevé. 
“Las boletas de luz que están llegando son una locura. ¿Cómo puede pagar un productor un millón de pesos una boleta cuando antes pagaban 50 o 100 mil pesos como mucho en verano? Todavía no estamos en pleno verano y ya están llegando boletas con esos valores. Es un problema grave”, precisó Palomo. 
A este gasto se le suma el alquiler de la tierra que afecta a gran parte de los productores: en apenas un puñado de meses aumentó hasta seis veces el valor del arrendamiento. El salto en el precio de los insumos como la semilla o los plásticos es otra de las variables que registraron un alza en los últimos meses, mientras que el consumo se desplomó catapultado por la suba en las verdulerías. 
“Hay un gran problema con el tema del consumo, la gente no tiene plata en el bolsillo para poder comprar la verdura que nosotros producimos, que es todo para el mercado interno”, indicaron. 
Asimismo, advierten que un factor que también jugará esta temporada es el ingreso desde Chile, Brasil y Paraguay de verduras que se producen en territorio platense durante la temporada. “Vamos a ver tomates, zapallito, berenjena, pepino tirado por todos lados, como ya se está viendo ahora. La principal preocupación es cuando sea el grueso de la temporada de cosecha”, selló. 
Todo esta combinación de factores negativos siembran incógnitas en el cordón hortícola del Gran La Plata que se prepara para afrontar un verano con sequía climática y económica.",https://eleditorplatense.com/la%20regi%C3%B3n/21/2024/11/26/sequia-climatica-y-economica-en-el-cordon-horticola-platense
Indec publica la inflación de noviembre: expectativa tras el discurso de Milei,2024-12-11,"El Instituto Nacional de Estadísticas y Censo (Indec) publicará esta tarde la inflación del mes de noviembre, un dato clave tras el discurso del presidente Javier Milei que anticipó que el 2025 será “un año de baja inflación”. Desde el Gobierno esperan que el índice se ubique en torno al 2,5% en los últimos dos meses del año.
Según el Relevamiento de Expectativas del Mercado (REM) que publica el Banco Central de la República Argentina (BCRA), que surge de la opinión de 29 consultoras y 13 entidades financieras, la inflación de noviembre va a alcanzar el 2,8%. Es decir, una décima porcentual menos de lo que marcó en octubre.
Otro dato fuerte a la hora de intentar anticipar el porcentaje inflacionario es la variación de precios que publica el Gobierno de la Ciudad de Buenos Aires: en noviembre fue del 3,2%. En tanto, en el caso de La Plata la inflación se ubicó en torno al 2,7% y los analistas anticiparon que afronta un periodo de estabilidad, aunque advierten que en los últimos dos meses es difícil que se registre una pausa en el proceso de desinflación, el que podría retomarse ya en 2025.
Según la consultora Analytica, la inflación del anteúltimo mes del año será del 2,7%, número que estaría explicado por los precios del gas, luz, agua y nafta. Sin embargo, desde EcoGo Consultores se estimó que la inflación será del 3,2%.
En cuanto a Invecq, manifestaron que la inflación del décimo primer més será de 2,5% con un aumento en bebidas y alimentos que ""podrían elevar el pronóstico de inflación general para el cierre del mes"".
Libertad y Progreso aeguró que la inflación cerrará en 2,9%. Su director, Aldo Abram, ratificó que ""sigue siendo una desaceleración"" porque ""por lo general y debido a la estacionalidad"" los meses de octubre ""suelen tener cifras más bajas"" que los de septiembre y noviembre.
Ayer, el presidente Javier Milei dijo que “estamos cada día más cerca de que la inflación sea poco más que un mal recuerdo” y anticipó un 2025 con cifras bajas. “Estamos entrando a un año de baja inflación, alto crecimiento económico y, en consecuencia, un crecimiento sostenido del poder adquisitivo de los argentinos, algo que hace décadas los argentinos no viven”, subrayó.",https://eleditorplatense.com/econom%C3%ADa/21/2024/12/11/indec-publica-la-inflacion-de-noviembre-expectativa-tras-el-discurso-de-milei
"Recaudaron el dinero y repatriarán el cuerpo de Abril Montero, la hija de la ""Estatua viviente"" de La Plata",2024-12-18,"El cuerpo de Abril Muriel Montero (25), hija de Sergio ""Pachuli"" Montero, más conocido como ""La Estatua Viviente"" será finalmente repatriado a La Plata. Fue su hermana, Bic Montero, quien luego de intensas gestiones, y varias campañas de solidaridad, finalmente logró una recaudación en tiempo record y se ocupó de todos los gastos.
Según informó la propia hermana de Abril, el traslado se hará esta misma noche o mañana jueves. Asimismo, trascendió que sus restos serán velados el próximo viernes en la casa velatoria Galliano E Hijos, ubicada en 53 entre 18 y 19, aunque el horario aún no está confirmado.
En tanto por estas horas también se supo que el caso de Abril ahora está bajo la tutela del abogado Fernando Burlando. Tal como informó El Editor Platense anteriormente, desde el entorno de la ""Estatua viviente"" aseguran que se trató de un femicidio, aunque al momento trascendieron pocos detalles sobre el hecho. Lo cierto es que Abril Montero había llegado al país cafetero hace unos dos meses, procedente de Ecuador.",https://eleditorplatense.com/policiales/1/2024/12/18/el-cuerpo-de-la-hija-fallecida-de-la-estatua-viviente-ya-se-encuentra-en-la-plata
"Con más de 25 talleres disponibles, abrió la inscripción para la Colonia de Arte 2025",2024-12-18,"Para quienes tengan pensado quedarse en la ciudad durante el verano, la Colonia de Arte 2025 es una gran actividad para disfrutar y aprender sobre diferentes disciplinas. El espacio propone una gran variedad de talleres destinados a niños, jóvenes y adultos en distintos barrios y centros culturales de La Plata. 
Los talleres se desarrollarán en Tolosa, San Carlos, Altos de San Lorenzo, Los Hornos y Sicardi, además del Centro Cultural Pasaje Dardo Rocha, Centro Cultural y de la Memoria Islas Malvinas, Centro Cultural Julio López y Polideportivo Los Hornos. Los vecinos podrán inscribirse de manera presencial en cada una de las sedes antes del comienzo de clases que tendrá lugar el próximo lunes 6 de enero. 
La propuesta incluye clases de dibujo, plástica, cerámica, música, teatro, danzas, barbería, manicura, máscaras y cómic, entre otros. La información detallada se encuentra disponible en su perfil de Instagram @escuelatallerlp y @laplata.ciudadcultural. Quienes quieran conocer más detalles, pueden comunicarse vía mail a escuelatallerlp@gmail.com o por teléfono al 221 425 2101. 
View post on Instagram
“Esta propuesta busca acercar el arte y la cultura a toda la comunidad platense, ofreciendo espacios de aprendizaje y expresión artística”, expresaron desde la Escuela Taller Municipal de Arte.",https://eleditorplatense.com/la%20regi%C3%B3n/19/2024/12/18/con-mas-de-25-talleres-disponibles-abrio-la-inscripcion-para-la-colonia-de-arte-2025
El mapa del Concejo Deliberante camino a un año de reconfiguración,2024-12-17,"Con el tratamiento del Presupuesto 2025 consumado y la discusión por el nuevo Defensor Ciudadano de La Plata en desarrollo, el Concejo Deliberante se prepara para iniciar el camino a un año electoral en el que se renovarán la mitad de las bancas. Los 12 ediles que mantienen su escaño desde 2021 ya afrontan su último año legislativo y crecen las expectativas por la definición sobre quienes buscarán un nuevo mandato y los que dejarán la silla. El PRO y la incógnita Julio Garro, la apuesta de los radicales a competir con nombres propios, el desafío oficialista de consolidar la mayoría en el cuerpo y el avance liberal. 
En Unión por la Patria son cinco ediles los que inician el último año en el hemiciclo de calle 11. Los concejales del riñón de Victoria Tolosa Paz, Cintia Mansilla y Juan Manuel Granillo Fernández, son dos que pondrán en juego la banca en 2025, tras haber ingresado al Concejo Deliberante en las elecciones de medio término de 2021 como segundo y quinto concejal. 
A lo largo de los cuatro años ambos se consolidaron como referentes dentro del hemiciclo con foco en la agenda de los sectores productivos de la zona oeste, donde la diputada nacional busca consolidar su armado local. En 2025, VTP buscará imponer algunos nombres propios entre los candidatos al Deliberante y -a priori- no se descarta que ambos puedan ir por un nuevo mandato, aunque desde el sector insisten que “no es tiempo de discusión de candidatura”. 
Los ediles Cristian Vander, del Sindicato de Telefónicos; Yanina Sánchez, representante de la CTA; y Julio Cuenca, del gremio que nuclea a los pasteleros, también afrontan los últimos meses en los escaños que ocupan por la partida al Ejecutivo de Luis Arias (Secretario de Coordinación), Ana Negrete (Secretaria de Cultura) y Guillermo Escudero (Secretario de Ambiente). Los tres representantes del gremialismo, que ingresaron al Concejo en diciembre del 2021, empezaron a ganar terreno con una agenda propia centrada en los trabajadores en medio de un contexto adverso a nivel nacional. 
Hoy, Unión por la Patria tiene la primera minoría con 10 concejales y necesita de la oposición para juntar las 13 voluntades para garantizar quórum y avanzar con proyectos propios. El próximo año el oficialismo tiene el desafío de ir en búsqueda de incorporar algún representante más para allanar un terreno que le facilite avanzar con iniciativas propias en los últimos dos años de la gestión de Alak sin estar -demasiado- atado a la negociación con la oposición. 
La oposición
El radicalismo y el PRO también verán partir algunas casas, en caso de no renovar. Dentro del espacio boina blanca deberán dejar sus bancas Diego Rovella, Manuela Forneris y Javier Mor Roig, quien tuvo un intervalo tras tomarse licencia para asumir como parte del directorio de la Autoridad del Agua (ADA). 
Para la UCR será una votación clave ya que, si no renueva ninguna banca, podría tener un solo representante en el Concejo a partir de 2026. Además, el comicio marcará el termómetro de una carrera electoral con vistas a un 2027 en el que el espacio boina blanca que conduce Pablo Nicoletti pretende competir por la intendencia con un nombre propio, aunque primero tiene que resolver la cruda interna que hay en el partido centenario. 
El último viernes Nicoletti asumió junto a Luciana Bártoli su segundo mandato al frente de la Junta Central tras ganarle los comicios al espacio que se encolumna detrás del senador nacional Maximiliano Abad, con quien el platense se cruzó en reiteradas oportunidades. En las últimas horas, el representante local “abadista”, Raúl “Turco” Cadaá, cargó de lleno contra el binomio al que acusó de no contar con el respaldo suficiente para iniciar su nueva gestión. Además, desde el sector dejaron trascender un posible acuerdo con el oficialismo local de cara al próximo año. El respaldo radical a proyectos peronistas fue uno de los puntos más cuestionados por parte de la oposición dura en el Concejo Deliberante. 
Por último, en el PRO afrontan su último año de mandato los ediles Juan Manuel Martínez Garmendia (actual presidente del bloque), Lucas Lascours, y Lucia Barbier. En el futuro de estos será clave el rol que pueda tomar Julio Garro, ya que los tres ediles son de su riñón. Tras su fugaz paso por el Ejecutivo nacional que terminó con una salida envuelta en escándalo, el exintendente volvió a meterse en la disputa local tras bambalinas y será el que tenga la lapicera con más tinta el próximo año. 
Hoy, la duda pasa por la postura que adopte respecto al liberalismo en medio de un momento de extrema tensión entre Mauricio Macri -referente político del platense- y Javier Milei. Dentro del Concejo Deliberante, el PRO está dividido entre aquellos más lejanos a las ideas violetas y quienes decidieron comulgar con ellas. María Belén Muñoz, quien compone el monobloque Pro Libertad y deja su banca el próximo año, decidió romper con el resto de los ediles con los que llegó en 2021 por la boleta de Juntos por el Cambio. 
En tanto, dentro del bloque amarillo está Nicolás Morzone que a nivel país se encolumnó detrás de Patricia Bullrich y Milei, lo que desencadenó en cortocircuitos internos como el que ocurrió durante el tratamiento del Presupuesto 2025 en el que el abogado votó en contra al igual que LLA, mientras sus compañeros acompañaron el proyecto. 
Por ahora, no hay un horizonte claro sobre el futuro del Concejo Deliberante a días del inicio de un año que, a priori, parece que se vendrá con mucha temperatura.",https://eleditorplatense.com/pol%C3%ADtica/21/2024/12/17/el-mapa-del-concejo-deliberante-camino-a-un-ano-de-reconfiguracion
Black Friday en Provincia Compras: 40% de descuento y hasta 12 cuotas sin interés,2024-11-29,"El Black Friday es uno de los tres grandes eventos de ofertas y descuentos del año. Empezó a las 00 de este viernes y finalizará a las 23:59, aunque muchas marcas extienden las promociones durante todo el fin de semana.
En este contexto, como todos los años, las entidades bancarias se suman al Black Friday, con ofertas, promociones y descuentos. En esta edición 2024, Provincias Compras ofrecerá hasta 40% de descuento y hasta 12 cuotas sin interés, dependiendo de los rubros y de las empresas participantes.
La oportunidad para acceder a estas ofertas se extenderá hasta el 1 de diciembre, y podrás hacerlo ingresando a este link.
Según se indicó, en Provincia Compras podrás encontrar celulares, notebooks, zapatillas, secador de pelo, termo eléctrico, auriculares, freidora de aire y cientos de productos. Para aprovechar esta promoción, vigente hasta el domingo, es necesario contar con tarjetas de crédito Visa o Mastercard emitidas por el Banco Provincia.
¿Qué tener en cuenta a la hora de comprar?
La Comuna informó una serie de recomendaciones para que los usuarios de tiendas de comercio electrónico tengan en cuenta en el marco del Black Friday, el evento virtual de beneficios y descuentos de compras navideñas que tendrá lugar desde esta jornada.
En esa línea, desde la Dirección General de Defensa al Consumidor comunicaron las medidas para evitar caer en estafas y engaños e informaron cómo realizar compras de manera segura y eficiente:
- El vendedor debe informar clara y detalladamente las características y la calidad del producto de manera gratuita.
- Evitar compras impulsivas o que no sean convenientes: consultar los días anteriores el precio habitual del producto que se desea comprar para no caer en falsas ofertas y leer atentamente las condiciones de comercialización, los plazos de envío y las promociones.
- Pedir el ticket o la factura de compra.
- Una vez hecha la compra y confirmado el pago, el proveedor no puede cancelar la venta por falta de stock, excepto que figure previamente la leyenda “sin stock”. En tal caso, se recomienda no continuar la operación.
- Conservar la captura de pantalla o publicidad de la oferta realizada ya que la misma es vinculante para el vendedor y debe ser cumplida en todos sus términos. No pueden cobrar un valor diferente al precio ofertado y se deben respetar los plazos y condiciones de entrega.
- El usuario puede arrepentirse de la compra dentro de los 10 días corridos de realizada o desde que se recibió el producto (lo que suceda último). Los gastos de devolución son por cuenta del vendedor.
Informarse sobre la reputación de la tienda o el sitio antes de realizar una compra en línea.
¿Qué hacer tras haber sido víctima de una ciberestafa?
- Conservar información sobre las operaciones realizadas y los medios por los que se realizó el contacto (número de teléfono, correo electrónico, etc.)
- Contactar al banco mediante un canal de comunicación oficial y solicitar el bloqueo de las operaciones.
- Realizar la denuncia penal en la comisaría más cercana al domicilio o en la fiscalía de turno.
- Solicitar información en la Dirección General de Defensa al Consumidor.
- En caso de presentar inconvenientes en la compra, se recomienda hacer el reclamo ante el vendedor. Ante la falta de respuesta o respuesta insatisfactoria, se puede iniciar un reclamo de forma gratuita en la web de Defensa al Consumidor.",https://eleditorplatense.com/econom%C3%ADa/1/2024/11/29/black-friday-en-provincia-compras-40-de-descuento-y-hasta-12-cuotas-sin-interes
Bomberos Voluntarios de Berisso adquirieron indumentaria y equipamiento nuevo,2024-12-18,"En las últimas horas, los Bomberos Voluntarios de Berisso lograron adquirir una gran cantidad de equipamiento necesarios a la hora de actuar ante situaciones de incendio o peligro, colaborando con los vecinos de la ciudad y asistiendo a quienes lo necesitan.
Al llegar al final del año y habiendo cumplido cien años, invirtieron una suma de más de veintiséis millones de pesos en equipamiento, monto acumulado gracias al acompañamiento y colaboración de los vecinos en cada una de las oportunidades. Esto incluyó ocasiones donde participaron en fiestas vendiendo comida, el puesto de bomberos en calle 7 y Montevideo, el alquiler del Salón Dorado, así como también mediante el bono contribución de los vecinos.
Entre los elementos adquiridos, se invirtió en el cascos, botas, equipos de vestimenta ignifugas mochilas forestales, linternas antiexplosivas, iluminación de escena y un conjunto de ropa para cada uno de los bomberos. La mayoría de los elementos debieron ser importados al país desde España y Estados Unidos.
Roberto Scafati, Comandante Mayor (R) y actual presidente de los bomberos, expresó: ""Estamos muy contentos porque con fondos propios y gracias a la ayuda de los vecinos logramos adquirir todos estos elementos fundamentales para los bomberos"". Asimismo, resaltó que en esta oportunidad han comprado diez equipos completos y proyectan adquirir diez más en los primeros meses del año entrante
Del mismo modo, agradeció la colaboración recibida y manifestó que no creían posible comprar todos estos elementos, especialmente después de haber invertido a principios de año la suma de 40.000 euros en una autobomba nueva , en el marco del aniversario, pero con mucho esfuerzo y una administración eficiente se logró.",https://eleditorplatense.com/policiales/17/2024/12/18/bomberos-voluntarios-de-berisso-adquirieron-indumentaria-y-equipamiento-nuevo
Escobar avanza en la Seguridad local y obras claves para el futuro,2024-12-17,"El intendente de Escobar, Ariel Sujarchuk, es un viejo conocido de la ciudad que queda a unos 140 km de distancia de La Plata y cuenta con 210.084 habitantes. Se trata del hombre que llegó al poder en el año 2015 con el Frente para la Victoria, renovó su mandato en el 2019, fue miembro del Gabinete de Economía en 2022, y volvió a liderar el Ejecutivo de Escobar en el 2023.
Sujarchuk, un hombre con experiencia en la política, estuvo en el centro de la agenda mediática en los últimos días debido a diversas declaraciones y actos que hicieron que su nombre vuelva a sonar fuerte en la provincia de Buenos Aires.
En primer lugar, el dirigente se encargó de presentar el Plan Estratégico Territorial (PET) del Centenario. Una iniciativa considerada clave para regular el uso del suelo, proteger el medio ambiente y planificar el espacio público.
Con este programa se busca garantizar un desarrollo equilibrado en todo el partido, y el plan fue presentado como el resultado de un proceso de cuatro años, que incluyó más de 30 mesas de debate donde participaron profesionales, vecinos y funcionarios municipales.
“Es un día histórico, un punto de llegada y partida; hay un desafío enorme de planificar de acá al Centenario”, dijo el Intendente en el acto de presentación del proyecto, destacando el impacto del plan en áreas como el uso del suelo, el espacio público y el espacio ambiental.
Pero más allá de este tipo de iniciativas, que cuenta con la participación de vecinos a la hora de su diagramación, el mandatario también se encuentra concentrado en la cuestión que tiene que ver con la seguridad de los vecinos.
En ese aspecto, y sin importar el color político de quienes están al frente de Gobernación, Sujarchuk opinó en contra de la Policía Bonaerense. De esta manera, el dirigente confirmó la implementación de una fuerza de seguridad municipal.
""Hoy no tenemos la Maldita Policía, pero sí necesitamos una fuerza dotada con las mejores herramientas para actuar con firmeza contra la delincuencia. ¿Por qué vamos a implementar una Policía Municipal en Escobar? Porque la seguridad debe ser una política de Estado, no un tema de izquierda o de derecha, ni un debate entre garantistas y antigarantistas"", dijo.
De esta forma, agregó que va a impulsar “como intendente y como dirigente, la refederalización de la lucha contra el narcotráfico: no puede ser que un camión que nosotros interceptamos con un cargamento de droga en Escobar haya pasado sin controles por cuatro o cinco provincias. La interoperabilidad tiene que ser total entre Policía Bonaerense, secretarías de seguridad municipales y también fuerzas federales. Basta de boludeces, no sirve que cada gobierno cambie lo que hizo el anterior”.
Las declaraciones del jefe comunal se dieron en el marco del ciclo Encuentro para Generar Progreso, donde Sujarchuk anunció: ""En los próximos días voy a lanzar una nueva licitación para incorporar inteligencia artificial al sistema de seguridad local. Se trata de una inversión muy grande en tecnología, software e interoperabilidad para que los sistemas `empiecen a hablar´ unos con otros. Estamos incorporando un conjunto de herramientas para desplegar un Estado dinámico, ágil, sencillo y eficiente, y así obtener los mejores resultados en la menor cantidad de tiempo”.
Por otro lado, el dirigente también habló de la construcción de la alcaidía en el barrio Cementerio de Belén, obras que calificó como “necesarias para que los detenidos no estén hacinados en las comisarías y para que más policías estén en la calle”.
Asimismo, para finalizar su discurso, Sujarchuk opinó y reflexionó sobre el enojo creciente de una sociedad golpeada y señaló: “A veces la violencia también viene de la política y por eso no quiero sumarme a ningún discurso violento. Tampoco a los que puedan surgir de nuestro propio espacio. De todos modos, quien gobierna siempre es el que tiene la mayor responsabilidad. Por eso creo en la necesidad de formar lo que yo llamo `el club de los normales´ para delinear políticas concretas que, más allá de la alternancia de los partidos políticos en el gobierno, solucionen los problemas de la gente"".",https://eleditorplatense.com/pol%C3%ADtica/2/2024/12/17/escobar-avanza-en-la-seguridad-local-y-obras-claves-para-el-futuro
"Javier Milei exigió la ""liberación inmediata"" del gendarme secuestrado en Venezuela",2024-12-17,"El presidente Javier Milei exigió esta tarde la ""liberación inmediata"" del gendarme Nahuel Gallo, quien fue detenido en Venezuela por ""las fuerzas de seguridad a cargo del dictador criminal Nicolás Maduro"" por el único delito de visitar a su pareja e hijo.
Así se manifestó el mandatario al encabezar el acto de entrega de sables y medallas en el Colegio Militar. Milei señaló que el Gobierno ""agotará todas las vías diplomáticas para devolverlo sano y salvo a la Argentina"".
Por otro lado, el mandatario señaló que ""otro de los legados nefastos de la casta ha sido fracturar la relación entre la política y nuestras queridas Fuerzas Armadas"", lo que ""nos hizo perder años valiosos en el desarrollo de nuestras capacidades militares"".
Por ese motivo, Milei convocó a ponerle fin a esa ""triste página de la historia"" para ""escribir una nueva, donde nuestras fuerzas tienen el respeto que se merecen"".  En la misma línea, la ministra de Seguridad, Patricia Bullrich, afirmó que Gallo ""va a volver a casa"" y que para cumplir ese objetivo se tomarán las medidas ""que tengan que tomar"".",https://eleditorplatense.com/pol%C3%ADtica/1/2024/12/17/javier-milei-exigio-la-liberacion-inmediata-del-gendarme-secuestrado-en-venezuela
Buscan evitar que PAMI le quite la cobertura de medicamentos a Excombatientes,2024-12-17,"En los últimos días, la representación judicial del centro de Excombatientes de Islas Malvinas de la ciudad de La Plata y de Berisso, a cargo de Jerónimo Guerrero Iraola, presentó un amparo con el objetivo de impedir que el PAMI no les quite el 100% de la cobertura a los ex combatientes.
En diálogo con El Editor Platense, el letrado explicó la gravedad de la situación y aseguró que le “exigimos a la Justicia que PAMI cumpla con la normativa vigente, y garantice la cobertura de los medicamentos al 100% para los excombatientes de Malvinas”.
Asimismo, a través de su cuenta de X, Iraola señaló: “Al gobierno de la crueldad planificada le antepondremos todo el peso de nuestra lucha y nuestra dignidad”, al mismo tiempo que compartió imágenes de la presentación formal entregada en la Justicia.
El pedido en cuestión busca dejar sin efecto la nueva restricción de otorgar algunos medicamentos gratuitos sólo a quienes ganan por debajo de 390 mil pesos mensuales. En tanto, ahora el futuro de esta cuestión a resolver recayó en manos del juez Alberto Recondo, del Juzgado Federal N°4.",https://eleditorplatense.com/pol%C3%ADtica/2/2024/12/17/buscan-evitar-que-pami-le-quite-la-cobertura-de-medicamentos-a-excombatientes
El Gobierno convocó a debatir el salario mínimo y los gremios piden aumentos por encima del 40%,2024-12-06,"El Gobierno nacional convocó para el 19 de diciembre al Consejo del Salario para fijar una actualización de los ingresos de empleados así como los montos mínimos y máximos de la prestación por desempleo.  
“Convócase a los integrantes del Consejo Nacional del Empleo, la Productividad y el Salario Mínimo, Vital y Móvil, a reunirse en sesión plenaria ordinaria el día 19 de diciembre de 2024, a las 16:30 horas, mediante plataforma virtual”, precisa la Resolución 15/2024 publicada en el Boletín Oficial. Asimismo, contempla una segunda sesión a las 18 horas para tratar los montos relacionados con las prestaciones por desempleo.
La última resolución respecto a los haberes mínimos, vigente desde el 1 de octubre de 2024, fijó el salario mínimo para trabajadores mensualizados con jornada completa en $271.571,22, mientras que para los trabajadores jornalizados se fijó en $1.357,86 por hora.
Cabe recordar que estos montos fueron fijados por el Gobierno nacional apenas inició el segundo semestre del año, tras pactar una serie de incrementos escalonados entre julio y octubre por no haberse llegado a un acuerdo a mediados de este año. 
El incremento que se defina impactará directamente en la situación económica de millones de trabajadores registrados y de beneficiarios de programas sociales que estén vinculados a los índices que se pondrán en discusión.
En la antesala al cónclave, los gremios pidieron un aumento del 43,8% para recuperar lo perdido durante el primer año de la administración de Javier Milei. Un documento de la CTA Autónoma detalló que el mínimo en octubre de 2024 registró una pérdida real del 28% comparado con el nivel previo a la asunción del liberal. 
En ese sentido, remarcaron que si se quiere recuperar el poder adquisitivo del SMVM existente antes de noviembre 2023, el monto a fijar para el mes de noviembre debería ser de $390.407.",https://eleditorplatense.com/pol%C3%ADtica/21/2024/12/06/el-gobierno-convoco-a-debatir-el-salario-minimo-y-los-gremios-piden-aumentos-por-encima-del-40
La Corte Suprema confirmó el juicio oral contra Cristina Kirchner por Hotesur y Los Sauces,2024-12-16,"La Corte Suprema de Justicia de la Nación desestimó un recurso extraordinario presentado por la expresidenta Cristina Kirchner, el diputado nacional Máximo Kirchner y otros imputados en las causas Hotesur y Los Sauces, por lo que quedó confirmado el fallo que revocó el sobreseimiento y ordenó la realización de un juicio oral.
Las causas investigan presuntos delitos de lavado de activos, asociación ilícita y admisión de dádivas vinculados a las sociedades Hotesur y Los Sauces, en las que la familia Kirchner es propietaria. En 2021, el Tribunal Oral Federal N° 5 había decidido sobreseer a los acusados, al argumentar violaciones al principio de ne bis in idem.   
Sin embargo, esa decisión fue revocada en septiembre de 2023 por la Cámara Federal de Casación Penal.  El recurso extraordinario presentado por la defensa fue  Cristina Kirchner ahora fue rechazado por la Corte, que consideró que no se trataba de una sentencia definitiva ni de una cuestión federal que justificara su intervención. 
Los jueces señalaron además que los planteos sobre garantías procesales y la aplicación de leyes más benignas solo podrán ser tratados en el juicio oral. “La defensa no logró demostrar un agravio actual, concreto y real, más allá del sometimiento al proceso penal”, expresó el fallo firmado por los ministros Horacio Rosatti, Carlos Rosenkrantz, Juan Carlos Maqueda y Ricardo Lorenzetti.
Con esta decisión, la causa deberá continuar en la etapa de juicio oral, donde se determinarán los hechos y responsabilidades de los imputados, entre los que también se encuentra la sobrina de Cristina Kirchner e hija de Alicia Kirchner, Romina de los Ángeles Mercado.",https://eleditorplatense.com/pol%C3%ADtica/1/2024/12/16/la-corte-suprema-confirmo-el-juicio-oral-contra-cristina-kirchner-por-hotesur-y-los-sauces
Kicillof pidió la administración de Aerolíneas Argentinas y la oposición salió al cruce,2024-12-17,"El gobernador de la provincia de Buenos Aires, Axel Kicillof, hizo pública sus intenciones de que la administración de Aerolíneas Argentina pase a manos del Estado bonaerense, en medio de los anuncios de privatización que impulsa el Gobierno nacional. Lo hizo en la tradicional conferencia de prensa que encabeza el ministro Carlos Bianco, al advertir que “si el Gobierno nacional quiere venderla la Provincia no lo va a permitir”.
El mandatario provincial consideró que las intenciones de Javier Milei constituyen “otro intento de saqueo” que afectaría a la empresa y generaría un impacto directo en las arcas bonaerenses. Según el cálculo esbozado por Kicillof, se perderían unos 2.665 millones de dólares si la Provincia empieza a dejar de recibir vuelos internacionales o nacionales. Esta cifra incluye el producto aeroportuario, el impacto en el turismo y el beneficio económico para los pasajeros.
En este marco, el mandatario provincial anticipó que desde la gestión ya comenzaron “el camino de diálogo con los trabajadores, con otros gobernadores y también, con el sector aerocomercial y turístico"" para evaluar otras alternativas, entre ellas que la Provincia se pueda hacer cargo. No obstante, aclaró que la decisión es del Ejecutivo nacional.
Días después, desde Nación respondieron esta propuesta con un cruce claro. El jefe de Gabinete, Guillermo Francos, aseguró que “no tiene sentido” lo propuesto por Kicillof, porque lo está expresando alguien que maneja “una provincia que tiene déficit y se endeuda”. “¿Va a asumir el cargo de una empresa que tiene déficit, también se endeuda y demanda fondos del Estado? No entiendo cuál es su lógica para creer que él es la solución del problema. Es ridículo. Las cuentas de la provincia de Buenos Aires no las está arreglando nadie”, insistió el funcionario nacional al respecto. 
En la misma línea, el subsecretario de Prensa de la Nación, Javier Lanari, también se expresó y apuntó contra la intención de Kicillof: “La expropiaron. La quebraron. La hicieron inviable. La convirtieron en una caja de empleo militante. Ahora pretende volver a tomar el control a través de una provincia fundida”. Lo mismo hizo Luis “Toto” Caputo, ministro de Economía, quien en sus redes sociales indicó: “Nada que sorprenda. Empresas públicas = fideicomisos = obras públicas = cajas políticas”.
Esta situación no quedó allí, los legisladores bonaerenses de la oposición también manifestaron su descontento con la posibilidad de que el Gobierno provincial adquiera la gestión de Aerolíneas Argentinas. Uno de los que primero se posicionó fue Diego Garciarena, presidente del bloque de Unión Cívica Radical (UCR) + Cambio Federal de Diputados, quien mencionó que en “La Plata no hay aeropuerto operable”, por lo que pensar en Aerolíneas sería “ciencia ficción”.
Luego, Luciano Bugallo, de la Coalición Cívica, opinó de forma tajante, al advertir que la empresa podría transformarse en “una nueva cueva de ñoquis militantes que no prestan servicios concretos” y que este anuncio habría sido en el marco de la campaña electoral 2025, consideración con la que coincidió su par, Maricel Etchecoin, al decir que hablar de Aerolíneas es “para hacer demagogia electoral”. Demás legisladores siguieron con su repudio y, como reclamo común fueron nombrados la falta de obras en escuelas y rutas, los problemas de IOMA y la inseguridad. 
Sin embargo, el primero en salir a respaldar al Gobernador fue el mandatario de La Rioja, Ricardo Quintela, quien recordó que “Aerolíneas no es solo una aerolínea; es conectividad, desarrollo e integración para millones de argentinas y argentinos, sin importar el lugar en el que se encuentren”, por eso, mencionó que acompañarán esta decisión porque “entendemos que el federalismo también se hace defendiendo aquello que brinda servicio a todas y todos los argentinos”. En ese sentido, convocó a “los trabajadores y gobernadores de otras provincias” a comenzar a dialogar para ""dar todos los pasos institucionales que sean necesarios para sostenerla”.
Por su parte, desde la Asociación de Pilotos de Líneas Aéreas, la Asociación de Aeronavegantes, la Asociación del Personal Aeronáutico y la Unión del Personal Superior, compartieron un comunicado donde expresaron su apoyo a Kicillof y apuntaron hacia quienes se pronunciaron en contra, al decir que las reacciones son “caprichosas y contradictorias”, sosteniendo además, que “Aerolíneas Argentinas no es un monopolio, sino una solución a lo que otros no ofrecen”.
Mientras tanto, Axel Kicillof espera reunirse en los próximos días con demás Gobernadores y trabajadores aeronáuticos para acordar un plan estratégico ante la posibilidad de transferir la empresa, teniendo en cuenta que, tal como declaró el mandatario bonaerense, “Aerolíneas el año pasado no requirió ni un centavo del Estado nacional y hay que ver cómo termina este año pero, según mi información, requirió muy poquito”, lo que indicaría que podría funcionar sin necesitar de demasiado presupuesto externo.",https://eleditorplatense.com/pol%C3%ADtica/150/2024/12/17/kicillof-pidio-la-administracion-de-aerolineas-argentinas-y-la-oposicion-salio-al-cruce
Vuelve el Servicio Cívico para jóvenes: a partir de cuándo y de qué se trata,2024-12-18,"La ministra de Seguridad, Patricia Bullrich, anunció que a partir de 2025 se volverá a implementar el Servicio Cívico para jóvenes de entre 18 y 24 años “que no trabajan ni estudian”. El Gobierno anticipó que los que se inscriban tendrán capacitaciones para facilitar la inserción al mercado laboral.
“Vamos a sacar a los jóvenes de las calles y alejarlos del delito y la droga. A todos los jóvenes de 18 a 24 años que no trabajan ni estudian, los vamos a convocar para brindarles formación en disciplina, respeto y valores”, señaló la ministra en redes sociales, la vía que eligió para dar a conocer la medida que desplegó en 2019 cuando era funcionaria de Gobierno de Mauricio Macri.
 “De la mano de la Gendarmería Nacional y en colaboración con el Ministerio de Capital Humano, recibirán herramientas y capacitación educativa y laboral. Una alternativa concreta para que puedan retomar sus estudios, acceder a un trabajo y construir un futuro con orden y oportunidades reales”, sumó Patricia Bullrich.  
La iniciativa se aplicaría -en principio- en once ciudades del país con “talleres de formación que culminan con certificaciones reconocidas” y “brindan herramientas para la inserción laboral o la finalización de estudios”.
Además, desde el Ejecutivo indicaron que la Subsecretaría de Empleo y Formación Laboral será la encargada de convocar a los participantes. “Al finalizar, se evaluarán los perfiles para orientar a cada joven hacia oportunidades laborales o educativas, promoviendo la libertad individual y la superación personal”, explicó la titular de Capital Humano, Sandra Pettovello.",https://eleditorplatense.com/pol%C3%ADtica/1/2024/12/18/vuelve-el-servicio-civico-para-jovenes-a-partir-de-cuando-y-de-que-se-trata
Los alimentos registraron subas cercanas al 3% en noviembre,2024-11-29,"La inflación en alimentos se habría ubicado entre 2,3% y 2,8% durante noviembre, lo que llevaría el costo de vida total a un ajuste cercano a 3%, según se desprende de informes de consultoras privadas.
El resultado es una señal de alerta para el gobierno, ya que el presidente Javier Milei condicionó la salida del cepo a que la inflación se ubique por dos meses más en torno al 2,5% para luego reducir el crawling peg a 1% y acelerar el levantamiento de las restricciones cambiarias.
Por otra parte, estas mediciones aún no logran captar a pleno el aumento de 12% que se produjo en el precio de la carne en los últimos días.
Para la consultora LCG en la semana del 20 al 27 de noviembre los alimentos apenas subieron 0,1% lo que provoca un alza punta a punta de 2,3%.
Este dato resulta importante porque en la semana previa se había observado un alza de 1,5%.
Entre los productos de más peso, se observa un incremento del precio de la carne de 2,8%, aceites, 0,9% y panificados 0,3%.
En tanto, para Eco Go, los alimentos registraron un incremento del 0,5% en la cuarta semana, desacelerándose respecto a la semana previa.",https://eleditorplatense.com/econom%C3%ADa/2/2024/11/29/los-alimentos-registraron-subas-cercanas-al-3-en-noviembre
Obligarán a los presos a limpiar y hacer mantenimiento de las cárceles,2024-12-18,"El Gobierno nacional obligará a los presos a limpiar y hacer tareas de mantenimiento en los centros de detención pertenecientes al Servicio Penitenciario Federal (SPF). La medida, que lleva la firma de la ministra de Seguridad, Patricia Bullrich, precisa que cada interno deberá realizar cinco horas diarias de trabajo, si no recibirá una sanción que le impediría acceder a beneficios. 
La medida fue dispuesta a través de la Resolución 1346/2024 publicada este miércoles en el Boletín Oficial que determina la ampliación del programa “Manos a la Obra” que implementó el SPF meses atrás para que los presos trabajen en las cárceles
“Establecer la obligatoriedad para todos los internos alojados en el SERVICIO PENITENCIARIO FEDERAL de participar en las tareas de mantenimiento, limpieza, aseo e higiene de los espacios propios y comunes de los establecimientos penitenciarios. Estas actividades podrán ser llevadas a cabo durante CINCO (5) horas diarias y no serán remuneradas”, reza el artículo 1 de la medida. 
Entre los argumentos, la Casa Rosada destacó que “es necesario” que los internos realicen este tipo de trabajo diario “con el fin de reparar el daño causado a la sociedad y compensar los recursos invertidos por el Estado Nacional en la articulación de un tratamiento penitenciario efectivo”.
Asimismo, remarcaron que esta iniciativa pretende revertir los índices de violencia interna y alteraciones al orden que se registran dentro de las unidades federales que son catapultados -según entienden- por la “ociosidad de los internos”.  
Ahora, el SPF deberá elaborar los planes y cronogramas específicos de las tareas asignadas y controlar su cumplimiento. En la ciudad de La Plata, la única dependencia que está bajo el ala del Ministerio de Seguridad de la Nación es la Alcaidía Federal La Plata emplazada en calle 8 esquina 50.
El pasado 17 de octubre, la ministra Bullrich lanzó el programa “Manos a la Obra” en las unidades de detención federales, amparándose en el Código Penal de la Nación. “Dice (el marco normativo) que las personas privadas de su libertad deben hacerse cargo de mantener las instalaciones penitenciarias y de pagar con su trabajo aquello por lo que hoy están detenidas. Con este programa no estamos haciendo ni más ni menos que cumplir con nuestro Código Penal”, señaló la funcionaria. 
La prueba piloto del programa comenzó en el Complejo 4 de mujeres de Ezeiza. Rápidamente, el personal penitenciario organizó un esquema para que las internas se encarguen del mantenimiento de los edificios. Entre los trabajos, se incluyó la pintura de interiores y exteriores de las instalaciones.",https://eleditorplatense.com/pol%C3%ADtica/21/2024/12/18/obligaran-a-los-presos-a-limpiar-y-hacer-mantenimiento-de-las-carceles
